3561576,Funyuns,Cheetos,Doritos
3561617,Doritos,Funyuns,Cheetos
3561678,Doritos,Ruffles,Funyuns
3561679,Ruffles,Cheetos,Doritos
3561684,Doritos,Cheetos,Funyuns
3561693,Doritos,Cheetos,Funyuns
3562099,Doritos,Ruffles,Cheetos
3562100,Funyuns,Cheetos,Doritos
3562101,Doritos,Funyuns,Cheetos
3562102,Doritos,Ruffles,Funyuns
3562103,Ruffles,Cheetos,Doritos
3562104,Doritos,Cheetos,Funyuns
3562105,Doritos,Cheetos,Funyuns
3562106,Doritos,Cheetos,Doritos
3562107,Cheetos,Funyuns,Doritos
3562108,Funyuns,Ruffles,Cheetos
3562109,Ruffles,Cheetos,Funyuns
3562110,Cheetos,Ruffles,Doritos
3562111,Cheetos,Funyuns,Doritos
3562112,Cheetos,Ruffles,Cheetos
3562113,Ruffles,Cheetos,Funyuns
3562114,Doritos,Cheetos,Doritos
3562115,Cheetos,Doritos,Funyuns
3562116,Funyuns,,
3562117,Doritos,Funyuns,
3562118,Funyuns,Doritos,Cheetos
3562119,Funyuns,Doritos,
3562120,Cheetos,,
3562121,Funyuns,Ruffles,
3562122,Doritos,Ruffles,Funyuns
3562123,Doritos,Cheetos,
3562124,Ruffles,Funyuns,Doritos
3562125,Doritos,Cheetos,Funyuns
3562126,Funyuns,Cheetos,Doritos
3562127,Doritos,Funyuns,Cheetos
3562128,Doritos,Ruffles,Funyuns
3562129,Ruffles,Cheetos,Doritos
3562130,Doritos,Cheetos,Funyuns
3562131,Funyuns,Cheetos,Doritos
3562132,Funyuns,Cheetos,Doritos
3562133,Doritos,Funyuns,Cheetos
3562134,Doritos,Ruffles,Funyuns
3562135,Ruffles,Cheetos,Doritos
3562136,Doritos,Cheetos,Funyuns
3562137,Doritos,Cheetos,Funyuns
3562138,Doritos,Ruffles,Cheetos
3562139,Funyuns,Cheetos,Doritos
3562140,Funyuns,Cheetos,Doritos
3562141,Doritos,Funyuns,Cheetos
3562142,Doritos,Ruffles,Funyuns
3562143,Ruffles,Cheetos,Doritos
3562144,Doritos,Cheetos,Funyuns
3562145,Doritos,Cheetos,Funyuns
3562146,Funyuns,Cheetos,Doritos
3562147,Doritos,Funyuns,Cheetos
3562148,Doritos,Ruffles,Funyuns
3562149,Ruffles,Cheetos,
3562150,Doritos,Cheetos,Funyuns
3562151,Doritos,Cheetos,Funyuns
3562152,Doritos,Ruffles,Cheetos
3562153,Funyuns,,
3562154,Doritos,Funyuns,Cheetos
3562155,Doritos,Ruffles,Funyuns
3562156,Ruffles,Cheetos,
3562157,Doritos,Cheetos,Funyuns
3562158,Doritos,Cheetos,Funyuns
3562159,Doritos,,
3562160,Funyuns,Cheetos,Doritos
3562161,Doritos,Funyuns,Cheetos
3562162,Doritos,Ruffles,Funyuns
3562163,Ruffles,Cheetos,Doritos
3562164,Doritos,Cheetos,Funyuns
3562165,Doritos,Cheetos,Funyuns
3562166,Doritos,Cheetos,Doritos
3562167,Cheetos,Funyuns,Doritos
3562168,Funyuns,Ruffles,Cheetos
3562169,Ruffles,Cheetos,Funyuns
3562170,Cheetos,Ruffles,Doritos
3562171,Cheetos,Funyuns,Doritos
3562172,Cheetos,Ruffles,Cheetos
3562173,Ruffles,Cheetos,Funyuns
3562174,Doritos,Cheetos,Doritos
3562175,Cheetos,Doritos,Funyuns
3562176,Funyuns,,
3562177,Doritos,Funyuns,
3562178,Funyuns,Doritos,Cheetos
3562179,Funyuns,Doritos,
3562180,Cheetos,,
3562181,Funyuns,Ruffles,
3562182,Doritos,Ruffles,Funyuns
3562183,Doritos,Cheetos,
3562184,Ruffles,Funyuns,Doritos
3562185,Doritos,Cheetos,Funyuns
3562186,Funyuns,Cheetos,Doritos
3562187,Doritos,Funyuns,Cheetos
3562188,Doritos,Ruffles,Funyuns
3562189,Ruffles,Cheetos,Doritos
3562190,Doritos,Cheetos,Funyuns
3562191,Funyuns,Cheetos,Doritos
3562192,Funyuns,Cheetos,Doritos
3562193,Doritos,Funyuns,Cheetos
3562194,Doritos,Ruffles,Funyuns
3562195,Ruffles,,
3562196,Doritos,,
3562197,Doritos,Cheetos,Funyuns
3562198,Doritos,Ruffles,
3562199,Funyuns,Cheetos,Doritos
3562200,Funyuns,Cheetos,Doritos
3562201,Doritos,Funyuns,
3562202,Doritos,Ruffles,Funyuns
3562203,Ruffles,,
