3561576,Kale,Arugula,
3561617,Arugula,Kale,Spinach
3561678,Kale,Spinach,Arugula
3561679,Spinach,Kale,Arugula
3561684,Arugula,Kale,Spinach
3561693,Spinach,Arugula,Kale
3562099,Arugula,Kale,Spinach
3562100,Kale,Arugula,
3562101,Arugula,Kale,Spinach
3562102,Kale,Spinach,Arugula
3562103,Spinach,Kale,Arugula
3562104,Arugula,Kale,Spinach
3562105,Kale,Arugula,
3562106,Arugula,Kale,Spinach
3562107,Kale,,
3562108,Spinach,Kale,Arugula
3562109,Arugula,Kale,Spinach
3562110,Spinach,Arugula,Kale
3562111,Arugula,Kale,Spinach
3562112,Kale,Arugula,
3562113,Arugula,Kale,Spinach
3562114,Kale,Spinach,Arugula
3562115,Spinach,Kale,Arugula
3562116,Arugula,Kale,Spinach
3562117,Spinach,Arugula,Kale
3562118,Arugula,Kale,Spinach
3562119,Kale,Spinach,Arugula
3562120,Spinach,Kale,Arugula
3562121,Arugula,Kale,Spinach
3562122,Spinach,Arugula,Kale
3562123,Arugula,Kale,Spinach
3562124,Kale,Arugula,
3562125,Arugula,Kale,Spinach
3562126,Kale,Spinach,Arugula
3562127,Spinach,Kale,Arugula
3562128,Arugula,Kale,Spinach
3562129,Spinach,Arugula,Kale
3562130,Arugula,Kale,Spinach
3562131,Spinach,Arugula,Kale
3562132,Arugula,Kale,Spinach
3562133,Arugula,Kale,Spinach
3562134,Spinach,Arugula,Kale
3562135,Arugula,Kale,Spinach
3562136,Kale,Arugula,
3562137,Arugula,Kale,Spinach
3562138,Kale,,
3562139,Spinach,Kale,Arugula
3562140,Arugula,Kale,Spinach
3562141,Spinach,Arugula,Kale
3562142,Kale,Arugula,
3562143,Arugula,Kale,Spinach
3562144,Kale,Spinach,Arugula
3562145,Spinach,Kale,Arugula
3562146,Arugula,Kale,Spinach
3562147,Spinach,Arugula,
3562148,Arugula,Kale,Spinach
3562149,Spinach,Kale,Arugula
3562150,Arugula,Kale,Spinach
3562151,Spinach,Arugula,Kale
3562152,Arugula,Kale,Spinach
3562153,Kale,Arugula,
3562154,Arugula,Kale,Spinach
3562155,Kale,Spinach,Arugula
3562156,Spinach,Kale,Arugula
3562157,Arugula,,
3562158,Spinach,Arugula,Kale
3562159,Arugula,Kale,Spinach
3562160,Kale,Arugula,
3562161,Arugula,Kale,Spinach
3562162,Kale,Spinach,Arugula
3562163,Spinach,Kale,Arugula
3562164,Arugula,Kale,Spinach
3562165,Spinach,Arugula,Kale
3562166,Kale,Arugula,
3562167,Arugula,Kale,Spinach
3562168,Kale,Spinach,Arugula
3562169,Spinach,Kale,Arugula
3562170,Arugula,Kale,Spinach
3562171,Spinach,Arugula,Kale
3562172,Arugula,Kale,Spinach
3562173,Spinach,Kale,Arugula
3562174,Arugula,Kale,Spinach
3562175,Spinach,Arugula,Kale
3562176,Arugula,Kale,Spinach
3562177,Spinach,Arugula,Kale
3562178,Arugula,Kale,Spinach
3562179,,,
3562180,Kale,Arugula,
3562181,Arugula,Kale,Spinach
3562182,Kale,Spinach,Arugula
3562183,Spinach,Kale,Arugula
3562184,Arugula,Kale,Spinach
3562185,Kale,Arugula,
3562186,Arugula,Kale,Spinach
3562187,Kale,Spinach,Arugula
3562188,Spinach,Kale,Arugula
3562189,Arugula,Kale,Spinach
3562190,Spinach,Arugula,Kale
3562191,Arugula,Kale,Spinach
3562192,Spinach,Kale,Arugula
3562193,Arugula,Kale,Spinach
3562194,Spinach,Arugula,Kale
3562195,Arugula,Kale,Spinach
3562196,Kale,Arugula,
3562197,Kale,Arugula,
3562198,Arugula,Kale,Spinach
3562199,Kale,Spinach,Arugula
3562200,Spinach,Kale,Arugula
3562201,Arugula,Kale,Spinach
3562202,Spinach,Arugula,Kale
3562203,Arugula,Kale,Spinach
