"3763758","Isabel Krogh","Prithvi Gunturu","Carlos Campos"
"3763759","Prithvi Gunturu","",""
"3763760","Prithvi Gunturu","Isabel Krogh","Carlos Campos"
"3763761","Carlos Campos","",""
"3763762","Prithvi Gunturu","Carlos Campos","Isabel Krogh"
"3763767","Prithvi Gunturu","Isabel Krogh",""
"3763769","Prithvi Gunturu","Isabel Krogh","Carlos Campos"
"3763775","Carlos Campos","Isabel Krogh","Prithvi Gunturu"
"3763777","Prithvi Gunturu","Carlos Campos","Isabel Krogh"
"3763781","Prithvi Gunturu","Isabel Krogh",""
"3763782","Carlos Campos","Isabel Krogh","Prithvi Gunturu"
"3763784","Carlos Campos","Prithvi Gunturu","Isabel Krogh"
"3763786","Prithvi Gunturu","Isabel Krogh","Carlos Campos"
"3763787","Prithvi Gunturu","Carlos Campos","Isabel Krogh"
"3763792","Prithvi Gunturu","Isabel Krogh","Carlos Campos"
"3763793","Carlos Campos","Prithvi Gunturu","Isabel Krogh"
"3763794","Isabel Krogh","Carlos Campos","Prithvi Gunturu"
"3763796","Carlos Campos","Prithvi Gunturu","Isabel Krogh"
"3763798","Prithvi Gunturu","Isabel Krogh","Carlos Campos"
"3763800","Isabel Krogh","Carlos Campos","Prithvi Gunturu"
"3763802","Isabel Krogh","Carlos Campos","Prithvi Gunturu"
"3763803","Isabel Krogh","Prithvi Gunturu","Carlos Campos"
"3763804","Prithvi Gunturu","Isabel Krogh","Carlos Campos"
"3763809","Prithvi Gunturu","Isabel Krogh",""
"3763810","Prithvi Gunturu","Isabel Krogh","Carlos Campos"
"3763814","Carlos Campos","Prithvi Gunturu","Isabel Krogh"
"3763816","Carlos Campos","Isabel Krogh","Prithvi Gunturu"
"3763818","Prithvi Gunturu","Isabel Krogh","Carlos Campos"
"3763821","Isabel Krogh","Prithvi Gunturu","Carlos Campos"
"3763824","Carlos Campos","",""
"3763825","Prithvi Gunturu","Isabel Krogh",""
"3763827","Prithvi Gunturu","Carlos Campos","Isabel Krogh"
"3763829","Prithvi Gunturu","Isabel Krogh","Carlos Campos"
"3763830","Prithvi Gunturu","Carlos Campos","Isabel Krogh"
"3763839","Prithvi Gunturu","Isabel Krogh","Carlos Campos"
"3763843","Prithvi Gunturu","Isabel Krogh","Carlos Campos"
"3763849","Isabel Krogh","Prithvi Gunturu",""
"3763852","Isabel Krogh","Prithvi Gunturu","Carlos Campos"
"3763856","Prithvi Gunturu","Isabel Krogh",""
"3763860","Isabel Krogh","Carlos Campos","Prithvi Gunturu"
"3763861","Prithvi Gunturu","Carlos Campos","Isabel Krogh"
"3763862","Prithvi Gunturu","",""
"3763865","Prithvi Gunturu","Carlos Campos","Isabel Krogh"
"3763866","Isabel Krogh","",""
"3763868","Prithvi Gunturu","Carlos Campos","Isabel Krogh"
"3763870","Prithvi Gunturu","Isabel Krogh","Carlos Campos"
"3763873","Isabel Krogh","Carlos Campos","Prithvi Gunturu"
"3763875","Isabel Krogh","Prithvi Gunturu","Carlos Campos"
"3763877","Prithvi Gunturu","Isabel Krogh","Carlos Campos"
"3763879","Prithvi Gunturu","Carlos Campos",""
"3763886","Isabel Krogh","Carlos Campos","Prithvi Gunturu"
"3763887","Prithvi Gunturu","Carlos Campos","Isabel Krogh"
"3763892","Isabel Krogh","Prithvi Gunturu","Carlos Campos"
"3763893","Isabel Krogh","Prithvi Gunturu","Carlos Campos"
"3763894","Isabel Krogh","Carlos Campos","Prithvi Gunturu"
"3763895","Prithvi Gunturu","Carlos Campos","Isabel Krogh"
"3763896","Prithvi Gunturu","Isabel Krogh","Carlos Campos"
"3763897","Isabel Krogh","Prithvi Gunturu","Carlos Campos"
"3763899","Carlos Campos","Isabel Krogh","Prithvi Gunturu"
"3763904","Isabel Krogh","",""
"3763907","Carlos Campos","Isabel Krogh","Prithvi Gunturu"
"3763908","Isabel Krogh","Carlos Campos","Prithvi Gunturu"
"3763912","Prithvi Gunturu","Isabel Krogh","Carlos Campos"
"3763917","Carlos Campos","Prithvi Gunturu","Isabel Krogh"
"3763919","Carlos Campos","",""
"3763920","Prithvi Gunturu","Isabel Krogh",""
"3763921","Prithvi Gunturu","Isabel Krogh","Carlos Campos"
"3763923","Isabel Krogh","Carlos Campos","Prithvi Gunturu"
"3763924","Prithvi Gunturu","Isabel Krogh","Carlos Campos"
"3763925","Isabel Krogh","Carlos Campos","Prithvi Gunturu"
"3763926","Prithvi Gunturu","",""
"3763937","Prithvi Gunturu","Carlos Campos","Isabel Krogh"
"3763948","Carlos Campos","Prithvi Gunturu","Isabel Krogh"
"3763952","Prithvi Gunturu","Isabel Krogh","Carlos Campos"
"3763953","Prithvi Gunturu","Carlos Campos","Isabel Krogh"
"3763955","Prithvi Gunturu","",""
"3763959","Carlos Campos","Prithvi Gunturu","Isabel Krogh"
"3763962","Isabel Krogh","",""
"3763963","Prithvi Gunturu","Carlos Campos","Isabel Krogh"
"3763965","Prithvi Gunturu","Carlos Campos","Isabel Krogh"
"3763969","Isabel Krogh","Carlos Campos",""
"3763980","Carlos Campos","",""
"3763986","Prithvi Gunturu","Isabel Krogh","Carlos Campos"
"3763989","Isabel Krogh","Prithvi Gunturu","Carlos Campos"
"3763990","Carlos Campos","Prithvi Gunturu","Isabel Krogh"
"3763993","Prithvi Gunturu","Isabel Krogh","Carlos Campos"
"3763997","Isabel Krogh","Prithvi Gunturu","Carlos Campos"
"3763998","Prithvi Gunturu","Carlos Campos","Isabel Krogh"
"3764001","Carlos Campos","",""
"3764003","Isabel Krogh","Prithvi Gunturu","Carlos Campos"
"3764005","Carlos Campos","Prithvi Gunturu","Isabel Krogh"
"3764012","Isabel Krogh","",""
"3764013","Prithvi Gunturu","Carlos Campos","Isabel Krogh"
"3764015","Isabel Krogh","Prithvi Gunturu","Carlos Campos"
"3764016","Isabel Krogh","Prithvi Gunturu","Carlos Campos"
"3764017","Isabel Krogh","Prithvi Gunturu","Carlos Campos"
"3764022","Isabel Krogh","Prithvi Gunturu","Carlos Campos"
"3764046","Prithvi Gunturu","",""
"3764051","Isabel Krogh","Prithvi Gunturu","Carlos Campos"
"3764058","Isabel Krogh","Prithvi Gunturu","Carlos Campos"
"3764060","Isabel Krogh","Prithvi Gunturu","Carlos Campos"
"3764067","Prithvi Gunturu","Isabel Krogh","Carlos Campos"
"3764086","Isabel Krogh","Carlos Campos","Prithvi Gunturu"
"3764089","Isabel Krogh","Carlos Campos","Prithvi Gunturu"
"3764091","Isabel Krogh","Prithvi Gunturu","Carlos Campos"
"3764095","Carlos Campos","Prithvi Gunturu","Isabel Krogh"
"3764096","Carlos Campos","Isabel Krogh","Prithvi Gunturu"
"3764100","Prithvi Gunturu","Isabel Krogh","Carlos Campos"
"3764103","Prithvi Gunturu","Isabel Krogh","Carlos Campos"
"3764106","Prithvi Gunturu","Isabel Krogh","Carlos Campos"
"3764111","Prithvi Gunturu","Isabel Krogh","Carlos Campos"
"3764112","Carlos Campos","Isabel Krogh","Prithvi Gunturu"
"3764120","Carlos Campos","Isabel Krogh","Prithvi Gunturu"
"3764125","Isabel Krogh","Prithvi Gunturu",""
"3764126","Prithvi Gunturu","Carlos Campos","Isabel Krogh"
"3764128","Carlos Campos","",""
"3764130","Prithvi Gunturu","Isabel Krogh","Carlos Campos"
"3764132","Isabel Krogh","Carlos Campos","Prithvi Gunturu"
"3764142","Carlos Campos","",""
"3764144","Prithvi Gunturu","Isabel Krogh",""
"3764152","Isabel Krogh","Prithvi Gunturu","Carlos Campos"
"3764153","Carlos Campos","Prithvi Gunturu","Isabel Krogh"
"3764154","Carlos Campos","Isabel Krogh","Prithvi Gunturu"
"3764168","Isabel Krogh","Carlos Campos","Prithvi Gunturu"
"3764179","Prithvi Gunturu","Carlos Campos","Isabel Krogh"
"3764187","Isabel Krogh","Prithvi Gunturu","Carlos Campos"
"3764193","Isabel Krogh","Carlos Campos","Prithvi Gunturu"
"3764196","Carlos Campos","Prithvi Gunturu",""
"3764198","Carlos Campos","Prithvi Gunturu","Isabel Krogh"
"3764200","Prithvi Gunturu","Isabel Krogh","Carlos Campos"
"3764210","Isabel Krogh","Prithvi Gunturu","Carlos Campos"
"3764218","Prithvi Gunturu","Isabel Krogh","Carlos Campos"
"3764219","Carlos Campos","Prithvi Gunturu","Isabel Krogh"
"3764237","Prithvi Gunturu","Isabel Krogh",""
"3764244","Prithvi Gunturu","Isabel Krogh","Carlos Campos"
"3764249","Carlos Campos","",""
"3764253","Isabel Krogh","Prithvi Gunturu","Carlos Campos"
"3764259","Carlos Campos","Isabel Krogh","Prithvi Gunturu"
"3764261","Isabel Krogh","",""
"3764265","Carlos Campos","",""
"3764280","Carlos Campos","Prithvi Gunturu","Isabel Krogh"
"3764281","Isabel Krogh","Prithvi Gunturu",""
"3764284","Isabel Krogh","Prithvi Gunturu","Carlos Campos"
"3764301","Prithvi Gunturu","Carlos Campos","Isabel Krogh"
"3764311","Isabel Krogh","Prithvi Gunturu",""
"3764320","Carlos Campos","Prithvi Gunturu","Isabel Krogh"
"3764349","","",""
"3764354","Prithvi Gunturu","Isabel Krogh","Carlos Campos"
"3764359","Prithvi Gunturu","Isabel Krogh","Carlos Campos"
"3764365","Isabel Krogh","Prithvi Gunturu",""
"3764371","Prithvi Gunturu","Isabel Krogh","Carlos Campos"
"3764373","Prithvi Gunturu","Isabel Krogh","Carlos Campos"
"3764380","Isabel Krogh","Prithvi Gunturu","Carlos Campos"
"3764381","Isabel Krogh","Prithvi Gunturu","Carlos Campos"
"3764393","Isabel Krogh","Prithvi Gunturu","Carlos Campos"
"3764402","Prithvi Gunturu","Isabel Krogh","Carlos Campos"
"3764411","Carlos Campos","Isabel Krogh","Prithvi Gunturu"
"3764415","Carlos Campos","Prithvi Gunturu","Isabel Krogh"
"3764419","Isabel Krogh","Prithvi Gunturu","Carlos Campos"
"3764423","","",""
"3764424","Prithvi Gunturu","Isabel Krogh","Carlos Campos"
"3764425","Prithvi Gunturu","Isabel Krogh","Carlos Campos"
"3764449","Prithvi Gunturu","Isabel Krogh","Carlos Campos"
"3764452","Prithvi Gunturu","Carlos Campos","Isabel Krogh"
"3764505","Prithvi Gunturu","Isabel Krogh","Carlos Campos"
"3764516","Isabel Krogh","Prithvi Gunturu","Carlos Campos"
"3764531","Isabel Krogh","Carlos Campos","Prithvi Gunturu"
"3764534","Carlos Campos","Prithvi Gunturu","Isabel Krogh"
"3764539","Prithvi Gunturu","Carlos Campos","Isabel Krogh"
"3764551","Prithvi Gunturu","Isabel Krogh","Carlos Campos"
"3764560","Prithvi Gunturu","Isabel Krogh","Carlos Campos"
"3764589","Carlos Campos","Isabel Krogh","Prithvi Gunturu"
"3764598","Carlos Campos","Isabel Krogh","Prithvi Gunturu"
"3764599","Prithvi Gunturu","Isabel Krogh","Carlos Campos"
"3764614","Prithvi Gunturu","Carlos Campos","Isabel Krogh"
"3764652","Isabel Krogh","",""
"3764678","Prithvi Gunturu","Isabel Krogh","Carlos Campos"
"3764691","","",""
"3764707","Prithvi Gunturu","Isabel Krogh",""
"3764711","Prithvi Gunturu","Isabel Krogh","Carlos Campos"
"3764740","Isabel Krogh","Prithvi Gunturu",""
"3764741","Prithvi Gunturu","Isabel Krogh","Carlos Campos"
"3764859","Prithvi Gunturu","Isabel Krogh","Carlos Campos"
"3764864","Carlos Campos","Prithvi Gunturu","Isabel Krogh"
"3764869","Prithvi Gunturu","Isabel Krogh","Carlos Campos"
"3764916","Isabel Krogh","Prithvi Gunturu","Carlos Campos"
"3764996","Prithvi Gunturu","Isabel Krogh",""
"3765005","Prithvi Gunturu","Carlos Campos","Isabel Krogh"
"3765034","Carlos Campos","Prithvi Gunturu","Isabel Krogh"
"3765038","Prithvi Gunturu","Isabel Krogh","Carlos Campos"
"3765050","Prithvi Gunturu","Isabel Krogh","Carlos Campos"
"3765079","Carlos Campos","Prithvi Gunturu","Isabel Krogh"
"3765129","Isabel Krogh","Prithvi Gunturu","Carlos Campos"
"3765141","Prithvi Gunturu","Carlos Campos","Isabel Krogh"
"3765150","Isabel Krogh","Prithvi Gunturu","Carlos Campos"
"3765172","Isabel Krogh","Prithvi Gunturu","Carlos Campos"
"3765220","Prithvi Gunturu","",""
"3765224","Isabel Krogh","Prithvi Gunturu","Carlos Campos"
"3765236","Isabel Krogh","Carlos Campos","Prithvi Gunturu"
"3765290","Prithvi Gunturu","Isabel Krogh","Carlos Campos"
"3765299","Isabel Krogh","Prithvi Gunturu","Carlos Campos"
"3765305","Prithvi Gunturu","Isabel Krogh","Carlos Campos"
"3765323","Isabel Krogh","Carlos Campos","Prithvi Gunturu"
"3765325","Carlos Campos","Prithvi Gunturu","Isabel Krogh"
"3765381","Isabel Krogh","Carlos Campos","Prithvi Gunturu"
"3765393","Isabel Krogh","Prithvi Gunturu","Carlos Campos"
"3765404","Prithvi Gunturu","Isabel Krogh",""
"3765435","Prithvi Gunturu","Isabel Krogh","Carlos Campos"
"3765464","Prithvi Gunturu","Isabel Krogh","Carlos Campos"
"3765471","Isabel Krogh","Carlos Campos","Prithvi Gunturu"
"3765483","Isabel Krogh","Carlos Campos","Prithvi Gunturu"
"3765486","Isabel Krogh","Prithvi Gunturu",""
"3765509","Carlos Campos","Isabel Krogh","Prithvi Gunturu"
"3765524","Prithvi Gunturu","Carlos Campos","Isabel Krogh"
"3765534","Isabel Krogh","Prithvi Gunturu","Carlos Campos"
"3765540","Prithvi Gunturu","Carlos Campos","Isabel Krogh"
"3765552","Isabel Krogh","Carlos Campos",""
"3765555","Prithvi Gunturu","Carlos Campos","Isabel Krogh"
"3765569","Prithvi Gunturu","Isabel Krogh","Carlos Campos"
"3765574","Isabel Krogh","Prithvi Gunturu","Carlos Campos"
"3765578","Prithvi Gunturu","Isabel Krogh","Carlos Campos"
"3765579","Carlos Campos","Isabel Krogh","Prithvi Gunturu"
"3765582","Prithvi Gunturu","Carlos Campos","Isabel Krogh"
"3765585","Prithvi Gunturu","Isabel Krogh","Carlos Campos"
"3765586","Isabel Krogh","Prithvi Gunturu","Carlos Campos"
"3765587","Carlos Campos","Isabel Krogh","Prithvi Gunturu"
"3765588","Isabel Krogh","",""
"3765590","Carlos Campos","Isabel Krogh","Prithvi Gunturu"
"3765594","Carlos Campos","",""
"3765595","Prithvi Gunturu","",""
"3765602","Carlos Campos","Prithvi Gunturu","Isabel Krogh"
"3765606","Isabel Krogh","",""
"3765607","Carlos Campos","Isabel Krogh","Prithvi Gunturu"
"3765608","Carlos Campos","Prithvi Gunturu","Isabel Krogh"
"3765612","Carlos Campos","Prithvi Gunturu","Isabel Krogh"
"3765614","Isabel Krogh","Prithvi Gunturu","Carlos Campos"
"3765615","Carlos Campos","Prithvi Gunturu","Isabel Krogh"
"3765616","Prithvi Gunturu","Isabel Krogh","Carlos Campos"
"3765618","Isabel Krogh","Prithvi Gunturu","Carlos Campos"
"3765619","Isabel Krogh","Prithvi Gunturu","Carlos Campos"
"3765620","Prithvi Gunturu","Isabel Krogh","Carlos Campos"
"3765622","Isabel Krogh","Carlos Campos","Prithvi Gunturu"
"3765623","Isabel Krogh","Carlos Campos","Prithvi Gunturu"
"3765624","Prithvi Gunturu","Isabel Krogh","Carlos Campos"
"3765625","Isabel Krogh","Prithvi Gunturu","Carlos Campos"
"3765627","Prithvi Gunturu","Isabel Krogh","Carlos Campos"
"3765629","Prithvi Gunturu","","Carlos Campos"
"3765632","Carlos Campos","Isabel Krogh","Prithvi Gunturu"
"3765635","Prithvi Gunturu","Isabel Krogh","Carlos Campos"
"3765636","Prithvi Gunturu","Isabel Krogh","Carlos Campos"
"3765637","Isabel Krogh","Carlos Campos","Prithvi Gunturu"
"3765640","Carlos Campos","Prithvi Gunturu","Isabel Krogh"
"3765641","Carlos Campos","Isabel Krogh","Prithvi Gunturu"
"3765644","Isabel Krogh","Carlos Campos","Prithvi Gunturu"
"3765645","Isabel Krogh","Prithvi Gunturu","Carlos Campos"
"3765646","Isabel Krogh","Prithvi Gunturu","Carlos Campos"
"3765651","Carlos Campos","Isabel Krogh","Prithvi Gunturu"
"3765652","Prithvi Gunturu","Carlos Campos","Isabel Krogh"
"3765653","Carlos Campos","Prithvi Gunturu","Isabel Krogh"
"3765655","Isabel Krogh","Carlos Campos","Prithvi Gunturu"
"3765658","Isabel Krogh","Carlos Campos","Prithvi Gunturu"
"3765660","Carlos Campos","Prithvi Gunturu","Isabel Krogh"
"3765661","Prithvi Gunturu","Isabel Krogh","Carlos Campos"
"3765664","Prithvi Gunturu","Isabel Krogh","Carlos Campos"
"3765667","Prithvi Gunturu","Isabel Krogh","Carlos Campos"
"3765668","Carlos Campos","Isabel Krogh",""
"3765669","Isabel Krogh","Prithvi Gunturu","Carlos Campos"
"3765670","Carlos Campos","Prithvi Gunturu","Isabel Krogh"
"3765671","Carlos Campos","Isabel Krogh","Prithvi Gunturu"
"3765673","Isabel Krogh","Prithvi Gunturu","Carlos Campos"
"3765674","Prithvi Gunturu","Carlos Campos","Isabel Krogh"
"3765677","Isabel Krogh","Prithvi Gunturu","Carlos Campos"
"3765683","Isabel Krogh","",""
"3765688","Prithvi Gunturu","Carlos Campos","Isabel Krogh"
"3765689","Isabel Krogh","Carlos Campos","Prithvi Gunturu"
"3765694","Prithvi Gunturu","Isabel Krogh","Carlos Campos"
"3765703","Carlos Campos","Isabel Krogh","Prithvi Gunturu"
"3765705","Isabel Krogh","Prithvi Gunturu","Carlos Campos"
"3765711","Carlos Campos","Isabel Krogh","Prithvi Gunturu"
"3765715","Prithvi Gunturu","Isabel Krogh","Carlos Campos"
"3765722","Isabel Krogh","Carlos Campos","Prithvi Gunturu"
"3765726","Carlos Campos","Prithvi Gunturu","Isabel Krogh"
"3765728","","",""
"3765731","Carlos Campos","Isabel Krogh","Prithvi Gunturu"
"3765732","Carlos Campos","Isabel Krogh","Prithvi Gunturu"
"3765745","Isabel Krogh","Prithvi Gunturu","Carlos Campos"
"3765746","Carlos Campos","",""
"3765751","Prithvi Gunturu","Carlos Campos","Isabel Krogh"
"3765752","Carlos Campos","Prithvi Gunturu","Isabel Krogh"
"3765755","Carlos Campos","Prithvi Gunturu","Isabel Krogh"
"3765756","Carlos Campos","Isabel Krogh","Prithvi Gunturu"
"3765776","Carlos Campos","Prithvi Gunturu","Isabel Krogh"
